{
    "name":"CommandBox Chuck Norris",
    "version":"1.0.0.0000",
    "author":"Brad Wood",
    "homepage":"https://github.com/bdw429s/CommandBox-Chuck-Norris",
    "repository":{
        "type":"Git",
        "url":"https://github.com/bdw429s/CommandBox-Chuck-Norris"
    },
    "bugs":"https://github.com/bdw429s/CommandBox-Chuck-Norris/issues",
    "slug":"CommandBox-Chuck-Norris",
    "shortDescription":"This is a CommandBox command called \"norris\" that will display Chuck Norris facts.",
    "description":"This is a CommandBox command called \"norris\" that will display Chuck Norris facts.",
    "instructions":"Install via CommandBox by typing 'install CommandBox-Chuck-Norris'",
    "type":"commandbox-commands",
    "keywords":[
        "Chuck",
        "Norris",
        "facts",
  		"roundhouse"
    ]    
}